ROS2_Clock,Topic_Name,Data_Keys,Value_0,Value_1,Value_2,Value_3,Value_4,Value_5,Value_6,Value_7,Value_8
1763081381177679916,/encoders,"encoder_left,encoder_right",0,0,,,,,,,
1763081381279023469,/odom,"pos_x,pos_y,orient_z",0,0,0,,,,,,
1763081381281460688,/encoders,"encoder_left,encoder_right",1,0,,,,,,,
1763081381377643271,/odom,"pos_x,pos_y,orient_z",0,0,0,,,,,,
1763081381379733029,/encoders,"encoder_left,encoder_right",1,0,,,,,,,
1763081381476455524,/odom,"pos_x,pos_y,orient_z",0,0,0,,,,,,
1763081381477302512,/encoders,"encoder_left,encoder_right",1,0,,,,,,,
1763081381576425522,/odom,"pos_x,pos_y,orient_z",0,0,0,,,,,,
1763081381577218237,/encoders,"encoder_left,encoder_right",1,0,,,,,,,
1763081381676602722,/odom,"pos_x,pos_y,orient_z",0,0,0,,,,,,
1763081381677356845,/encoders,"encoder_left,encoder_right",0,0,,,,,,,
1763081381776422445,/odom,"pos_x,pos_y,orient_z",0,0,0,,,,,,
1763081381777214873,/encoders,"encoder_left,encoder_right",0,0,,,,,,,
1763081381876665215,/odom,"pos_x,pos_y,orient_z",0,0,0,,,,,,
1763081381877530731,/encoders,"encoder_left,encoder_right",0,0,,,,,,,
1763081381976451369,/odom,"pos_x,pos_y,orient_z",0,0,0,,,,,,
1763081381977206708,/encoders,"encoder_left,encoder_right",0,0,,,,,,,
1763081382076110836,/odom,"pos_x,pos_y,orient_z",0.0001,0,0.0001,,,,,,
1763081382076751293,/encoders,"encoder_left,encoder_right",10,0,,,,,,,
1763081382176446793,/odom,"pos_x,pos_y,orient_z",0.0001,0,0.0001,,,,,,
1763081382177190131,/encoders,"encoder_left,encoder_right",1,0,,,,,,,
1763081382277615562,/odom,"pos_x,pos_y,orient_z",0,0,0,,,,,,
1763081382278349236,/encoders,"encoder_left,encoder_right",0,0,,,,,,,
1763081382376449833,/odom,"pos_x,pos_y,orient_z",0,0,0,,,,,,
1763081382377393399,/encoders,"encoder_left,encoder_right",10,0,,,,,,,
1763081382476586459,/odom,"pos_x,pos_y,orient_z",-0.0001,0,0.0001,,,,,,
1763081382477555369,/encoders,"encoder_left,encoder_right",10,0,,,,,,,
1763081382576554603,/odom,"pos_x,pos_y,orient_z",-0.0001,0,0.0001,,,,,,
1763081382577308822,/encoders,"encoder_left,encoder_right",10,0,,,,,,,
1763081382676385177,/odom,"pos_x,pos_y,orient_z",0.0001,0,0.0001,,,,,,
1763081382677295846,/encoders,"encoder_left,encoder_right",10,0,,,,,,,
1763081382776485834,/odom,"pos_x,pos_y,orient_z",0.0001,0,0.0001,,,,,,
1763081382777252917,/encoders,"encoder_left,encoder_right",0,0,,,,,,,
1763081382876560539,/odom,"pos_x,pos_y,orient_z",-0.0001,0,0.0001,,,,,,
1763081382877335526,/encoders,"encoder_left,encoder_right",10,0,,,,,,,
1763081382976390857,/odom,"pos_x,pos_y,orient_z",-0.0001,0,0.0001,,,,,,
1763081382977185140,/encoders,"encoder_left,encoder_right",0,10,,,,,,,
1763081383076154328,/odom,"pos_x,pos_y,orient_z",0,0,0,,,,,,
1763081383076787713,/encoders,"encoder_left,encoder_right",10,0,,,,,,,
1763081383176429134,/odom,"pos_x,pos_y,orient_z",0,0,0,,,,,,
1763081383177204825,/encoders,"encoder_left,encoder_right",0,0,,,,,,,
1763081383276389248,/odom,"pos_x,pos_y,orient_z",0.0001,0,0.0001,,,,,,
1763081383277150315,/encoders,"encoder_left,encoder_right",0,0,,,,,,,
1763081383376561845,/odom,"pos_x,pos_y,orient_z",0.0001,0,0.0001,,,,,,
1763081383377386688,/encoders,"encoder_left,encoder_right",10,0,,,,,,,
1763081383476452838,/odom,"pos_x,pos_y,orient_z",-0.0001,0,0.0001,,,,,,
1763081383477316306,/encoders,"encoder_left,encoder_right",10,0,,,,,,,
1763081383576378999,/odom,"pos_x,pos_y,orient_z",-0.0001,0,0.0001,,,,,,
1763081383577175906,/encoders,"encoder_left,encoder_right",10,0,,,,,,,
1763081383676643469,/odom,"pos_x,pos_y,orient_z",0,0,0,,,,,,
1763081383679200050,/encoders,"encoder_left,encoder_right",1,0,,,,,,,
1763081383776470141,/odom,"pos_x,pos_y,orient_z",0,0,0,,,,,,
1763081383777309353,/encoders,"encoder_left,encoder_right",1,0,,,,,,,
1763081383876371438,/odom,"pos_x,pos_y,orient_z",-0.0001,0,0.0003,,,,,,
1763081383877238810,/encoders,"encoder_left,encoder_right",1,0,,,,,,,
1763081383976426625,/odom,"pos_x,pos_y,orient_z",-0.0001,0,0.0003,,,,,,
1763081383977264269,/encoders,"encoder_left,encoder_right",1,0,,,,,,,
1763081384077834537,/odom,"pos_x,pos_y,orient_z",0,0,0,,,,,,
1763081384078422194,/encoders,"encoder_left,encoder_right",1,0,,,,,,,
1763081384176396874,/odom,"pos_x,pos_y,orient_z",0,0,0,,,,,,
1763081384177187605,/encoders,"encoder_left,encoder_right",10,1020,,,,,,,
1763081384278672255,/odom,"pos_x,pos_y,orient_z",0.0079,0,0.0118,,,,,,
1763081384279477994,/encoders,"encoder_left,encoder_right",10,1020,,,,,,,
1763081384376621174,/odom,"pos_x,pos_y,orient_z",0.0079,0,0.0118,,,,,,
1763081384377500035,/encoders,"encoder_left,encoder_right",10,1020,,,,,,,
1763081384476962960,/odom,"pos_x,pos_y,orient_z",0.0001,-0.0002,0.0001,,,,,,
1763081384477927294,/encoders,"encoder_left,encoder_right",1,1020,,,,,,,
1763081384576467422,/odom,"pos_x,pos_y,orient_z",0.0001,-0.0002,0.0001,,,,,,
1763081384577286281,/encoders,"encoder_left,encoder_right",1,1020,,,,,,,
1763081384676559508,/odom,"pos_x,pos_y,orient_z",0.008,-0.0002,0.0117,,,,,,
1763081384677307742,/encoders,"encoder_left,encoder_right",1,1020,,,,,,,
1763081384776418086,/odom,"pos_x,pos_y,orient_z",0.008,-0.0002,0.0117,,,,,,
1763081384777213554,/encoders,"encoder_left,encoder_right",10,1020,,,,,,,
1763081384876563549,/odom,"pos_x,pos_y,orient_z",0.008,-0.0002,0.0117,,,,,,
1763081384877372329,/encoders,"encoder_left,encoder_right",0,1020,,,,,,,
1763081384976453744,/odom,"pos_x,pos_y,orient_z",0.008,-0.0002,0.0117,,,,,,
1763081384977239579,/encoders,"encoder_left,encoder_right",0,1020,,,,,,,
1763081385076204547,/odom,"pos_x,pos_y,orient_z",0,-0.0004,0,,,,,,
1763081385076979886,/encoders,"encoder_left,encoder_right",0,1020,,,,,,,
1763081385176589088,/odom,"pos_x,pos_y,orient_z",0,-0.0004,0,,,,,,
1763081385177421035,/encoders,"encoder_left,encoder_right",10,1020,,,,,,,
1763081385276667608,/odom,"pos_x,pos_y,orient_z",0.0079,-0.0004,0.0118,,,,,,
1763081385277718791,/encoders,"encoder_left,encoder_right",10,1020,,,,,,,
1763081385376583853,/odom,"pos_x,pos_y,orient_z",0.0079,-0.0004,0.0118,,,,,,
1763081385377519291,/encoders,"encoder_left,encoder_right",0,1020,,,,,,,
1763081385476430082,/odom,"pos_x,pos_y,orient_z",0.008,-0.0004,0.0117,,,,,,
1763081385477197517,/encoders,"encoder_left,encoder_right",0,1020,,,,,,,
1763081385576701117,/odom,"pos_x,pos_y,orient_z",0.008,-0.0004,0.0117,,,,,,
1763081385577456264,/encoders,"encoder_left,encoder_right",0,1020,,,,,,,
1763081385676352047,/odom,"pos_x,pos_y,orient_z",-0.0001,-0.0006,0.0003,,,,,,
1763081385677083642,/encoders,"encoder_left,encoder_right",1,1020,,,,,,,
1763081385776472808,/odom,"pos_x,pos_y,orient_z",-0.0001,-0.0006,0.0003,,,,,,
1763081385777871772,/encoders,"encoder_left,encoder_right",1,1020,,,,,,,
1763081385876679106,/odom,"pos_x,pos_y,orient_z",0.0079,-0.0006,0.0118,,,,,,
1763081385877377516,/encoders,"encoder_left,encoder_right",10,1020,,,,,,,
1763081385976407445,/odom,"pos_x,pos_y,orient_z",0.0079,-0.0006,0.0118,,,,,,
1763081385977235233,/encoders,"encoder_left,encoder_right",1,1020,,,,,,,
1763081386076407054,/odom,"pos_x,pos_y,orient_z",0.008,-0.0006,0.0117,,,,,,
1763081386077149944,/encoders,"encoder_left,encoder_right",1,1020,,,,,,,
1763081386176664939,/odom,"pos_x,pos_y,orient_z",0.008,-0.0006,0.0117,,,,,,
1763081386180105244,/encoders,"encoder_left,encoder_right",1,1020,,,,,,,
1763081386276427488,/odom,"pos_x,pos_y,orient_z",-0.0001,-0.0007,0.0003,,,,,,
1763081386277208620,/encoders,"encoder_left,encoder_right",10,1020,,,,,,,
1763081386376623037,/odom,"pos_x,pos_y,orient_z",-0.0001,-0.0007,0.0003,,,,,,
1763081386377536202,/encoders,"encoder_left,encoder_right",10,1020,,,,,,,
1763081386476625782,/odom,"pos_x,pos_y,orient_z",0.008,-0.0007,0.0117,,,,,,
1763081386477501890,/encoders,"encoder_left,encoder_right",0,1020,,,,,,,
1763081386576480621,/odom,"pos_x,pos_y,orient_z",0.008,-0.0007,0.0117,,,,,,
1763081386577325305,/encoders,"encoder_left,encoder_right",0,1020,,,,,,,
1763081386676639433,/odom,"pos_x,pos_y,orient_z",0.0079,-0.0007,0.0118,,,,,,
1763081386677541654,/encoders,"encoder_left,encoder_right",10,1020,,,,,,,
1763081386776624226,/odom,"pos_x,pos_y,orient_z",0.0079,-0.0007,0.0118,,,,,,
1763081386777412749,/encoders,"encoder_left,encoder_right",10,1020,,,,,,,
1763081386876783805,/odom,"pos_x,pos_y,orient_z",0.0001,-0.0009,0.0001,,,,,,
1763081386877710282,/encoders,"encoder_left,encoder_right",0,1020,,,,,,,
1763081386976849943,/odom,"pos_x,pos_y,orient_z",0.0001,-0.0009,0.0001,,,,,,
1763081386977752964,/encoders,"encoder_left,encoder_right",10,1020,,,,,,,
1763081387076475789,/odom,"pos_x,pos_y,orient_z",0.008,-0.0009,0.0118,,,,,,
1763081387077377690,/encoders,"encoder_left,encoder_right",10,1020,,,,,,,
1763081387176753997,/odom,"pos_x,pos_y,orient_z",0.008,-0.0009,0.0118,,,,,,
1763081387177837468,/encoders,"encoder_left,encoder_right",10,1020,,,,,,,
1763081387276328322,/odom,"pos_x,pos_y,orient_z",0.008,-0.0009,0.0118,,,,,,
1763081387276987467,/encoders,"encoder_left,encoder_right",0,1020,,,,,,,
1763081387376843429,/odom,"pos_x,pos_y,orient_z",0.008,-0.0009,0.0118,,,,,,
1763081387377835859,/encoders,"encoder_left,encoder_right",0,1020,,,,,,,
1763081387476604061,/odom,"pos_x,pos_y,orient_z",0,-0.0011,0,,,,,,
1763081387478023025,/encoders,"encoder_left,encoder_right",0,1,,,,,,,
1763081387576833116,/odom,"pos_x,pos_y,orient_z",0,-0.0011,0,,,,,,
1763081387577913547,/encoders,"encoder_left,encoder_right",0,0,,,,,,,
1763081387676602132,/odom,"pos_x,pos_y,orient_z",0.008,-0.0011,0.0117,,,,,,
1763081387677615875,/encoders,"encoder_left,encoder_right",10,10200,,,,,,,
1763081387777010614,/odom,"pos_x,pos_y,orient_z",0.008,-0.0011,0.0117,,,,,,
1763081387779274710,/encoders,"encoder_left,encoder_right",0,0,,,,,,,
1763081387876628140,/odom,"pos_x,pos_y,orient_z",0.0002,-0.0013,0.0003,,,,,,
1763081387877480504,/encoders,"encoder_left,encoder_right",0,0,,,,,,,
1763081387976645383,/odom,"pos_x,pos_y,orient_z",0.0002,-0.0013,0.0003,,,,,,
1763081387977424435,/encoders,"encoder_left,encoder_right",20,1020,,,,,,,
1763081388076133981,/odom,"pos_x,pos_y,orient_z",0,-0.0013,0,,,,,,
1763081388076757190,/encoders,"encoder_left,encoder_right",0,1020,,,,,,,
1763081388176734212,/odom,"pos_x,pos_y,orient_z",0,-0.0013,0,,,,,,
1763081388177524879,/encoders,"encoder_left,encoder_right",10,1020,,,,,,,
1763081388276483646,/odom,"pos_x,pos_y,orient_z",0.008,-0.0013,0.0118,,,,,,
1763081388277557645,/encoders,"encoder_left,encoder_right",10,1020,,,,,,,
1763081388376679807,/odom,"pos_x,pos_y,orient_z",0.008,-0.0013,0.0118,,,,,,
1763081388377531083,/encoders,"encoder_left,encoder_right",10,1020,,,,,,,
1763081388476430969,/odom,"pos_x,pos_y,orient_z",0.008,-0.0013,0.0118,,,,,,
1763081388477217604,/encoders,"encoder_left,encoder_right",10,1020,,,,,,,
1763081388576602457,/odom,"pos_x,pos_y,orient_z",0.008,-0.0013,0.0118,,,,,,
1763081388577403845,/encoders,"encoder_left,encoder_right",1,1020,,,,,,,
1763081388676393876,/odom,"pos_x,pos_y,orient_z",0,-0.0015,0,,,,,,
1763081388678479698,/encoders,"encoder_left,encoder_right",10,1020,,,,,,,
1763081388776546964,/odom,"pos_x,pos_y,orient_z",0,-0.0015,0,,,,,,
1763081388777351424,/encoders,"encoder_left,encoder_right",0,1020,,,,,,,
1763081388876546066,/odom,"pos_x,pos_y,orient_z",0.008,-0.0015,0.0117,,,,,,
1763081388877383134,/encoders,"encoder_left,encoder_right",0,1020,,,,,,,
1763081388976616081,/odom,"pos_x,pos_y,orient_z",0.008,-0.0015,0.0117,,,,,,
1763081388977426972,/encoders,"encoder_left,encoder_right",0,1020,,,,,,,
1763081389076300140,/odom,"pos_x,pos_y,orient_z",0.008,-0.0015,0.0118,,,,,,
1763081389076992918,/encoders,"encoder_left,encoder_right",10,1020,,,,,,,
1763081389176682737,/odom,"pos_x,pos_y,orient_z",0.008,-0.0015,0.0118,,,,,,
1763081389177496317,/encoders,"encoder_left,encoder_right",10,1020,,,,,,,
1763081389276519855,/gps_fix,"latitude,longitude,altitude",40.7128,-74.006,10,,,,,,
1763081389277301914,/odom,"pos_x,pos_y,orient_z",-0.0078,-0.0019,0.0119,,,,,,
1763081389277856514,/encoders,"encoder_left,encoder_right",1020,20,,,,,,,
1763081389377151736,/gps_fix,"latitude,longitude,altitude",40.7128,-74.006,10,,,,,,
1763081389377975332,/odom,"pos_x,pos_y,orient_z",-0.0078,-0.0019,0.0119,,,,,,
1763081389378498571,/encoders,"encoder_left,encoder_right",10,1020,,,,,,,
1763081389476642993,/gps_fix,"latitude,longitude,altitude",40.7128,-74.006,10,,,,,,
1763081389477436188,/odom,"pos_x,pos_y,orient_z",0.008,-0.0015,0.0118,,,,,,
1763081389477933635,/encoders,"encoder_left,encoder_right",10,1020,,,,,,,
1763081389576597904,/gps_fix,"latitude,longitude,altitude",40.7128,-74.006,10,,,,,,
1763081389577447645,/odom,"pos_x,pos_y,orient_z",0.008,-0.0015,0.0118,,,,,,
1763081389577994052,/encoders,"encoder_left,encoder_right",0,1020,,,,,,,
1763081389676597392,/gps_fix,"latitude,longitude,altitude",40.7128,-74.006,10,,,,,,
1763081389677363099,/odom,"pos_x,pos_y,orient_z",0.008,-0.0015,0.0117,,,,,,
1763081389677857219,/encoders,"encoder_left,encoder_right",10,1020,,,,,,,
1763081389776786483,/gps_fix,"latitude,longitude,altitude",40.7128,-74.006,10,,,,,,
1763081389777772545,/odom,"pos_x,pos_y,orient_z",0.008,-0.0015,0.0117,,,,,,
1763081389778496460,/encoders,"encoder_left,encoder_right",10,1020,,,,,,,
1763081389876463791,/gps_fix,"latitude,longitude,altitude",40.7128,-74.006,10,,,,,,
1763081389877288059,/odom,"pos_x,pos_y,orient_z",0.0001,-0.0017,0.0001,,,,,,
1763081389877787234,/encoders,"encoder_left,encoder_right",0,1020,,,,,,,
1763081389976618833,/gps_fix,"latitude,longitude,altitude",40.7128,-74.006,10,,,,,,
1763081389977407292,/odom,"pos_x,pos_y,orient_z",0.0001,-0.0017,0.0001,,,,,,
1763081389977939460,/encoders,"encoder_left,encoder_right",10,1020,,,,,,,
1763081390076235437,/gps_fix,"latitude,longitude,altitude",40.7128,-74.006,10,,,,,,
1763081390076888599,/odom,"pos_x,pos_y,orient_z",0.008,-0.0017,0.0118,,,,,,
1763081390077388286,/encoders,"encoder_left,encoder_right",10,1020,,,,,,,
1763081390176647797,/gps_fix,"latitude,longitude,altitude",40.7128,-74.006,10,,,,,,
1763081390177433953,/odom,"pos_x,pos_y,orient_z",0.008,-0.0017,0.0118,,,,,,
1763081390177935336,/encoders,"encoder_left,encoder_right",10,1020,,,,,,,
1763081390276612599,/gps_fix,"latitude,longitude,altitude",40.7128,-74.006,10,,,,,,
1763081390277392131,/odom,"pos_x,pos_y,orient_z",0.008,-0.0017,0.0118,,,,,,
1763081390277891210,/encoders,"encoder_left,encoder_right",10,1020,,,,,,,
1763081390376703803,/gps_fix,"latitude,longitude,altitude",40.7128,-74.006,10,,,,,,
1763081390377486726,/odom,"pos_x,pos_y,orient_z",0.008,-0.0017,0.0118,,,,,,
1763081390378015470,/encoders,"encoder_left,encoder_right",0,1020,,,,,,,
1763081390476486650,/gps_fix,"latitude,longitude,altitude",40.7128,-74.006,10,,,,,,
1763081390477276614,/odom,"pos_x,pos_y,orient_z",0.0001,-0.0018,0.0001,,,,,,
1763081390477778989,/encoders,"encoder_left,encoder_right",10,1020,,,,,,,
1763081390576958787,/gps_fix,"latitude,longitude,altitude",40.7128,-74.006,10,,,,,,
1763081390577850480,/odom,"pos_x,pos_y,orient_z",0.0001,-0.0018,0.0001,,,,,,
1763081390578363928,/encoders,"encoder_left,encoder_right",10,1020,,,,,,,
1763081390676595457,/gps_fix,"latitude,longitude,altitude",40.7128,-74.006,10,,,,,,
1763081390677498958,/odom,"pos_x,pos_y,orient_z",0.008,-0.0018,0.0118,,,,,,
1763081390678074550,/encoders,"encoder_left,encoder_right",10,1020,,,,,,,
1763081390776674212,/gps_fix,"latitude,longitude,altitude",40.7128,-74.006,10,,,,,,
1763081390777705331,/odom,"pos_x,pos_y,orient_z",0.008,-0.0018,0.0118,,,,,,
1763081390778524959,/encoders,"encoder_left,encoder_right",0,1020,,,,,,,
1763081390876734407,/gps_fix,"latitude,longitude,altitude",40.7128,-74.006,10,,,,,,
1763081390877915672,/odom,"pos_x,pos_y,orient_z",0.008,-0.0018,0.0117,,,,,,
1763081390878812773,/encoders,"encoder_left,encoder_right",1,1020,,,,,,,
1763081390976682921,/gps_fix,"latitude,longitude,altitude",40.7128,-74.006,10,,,,,,
1763081390977823897,/odom,"pos_x,pos_y,orient_z",0.008,-0.0018,0.0117,,,,,,
1763081390978688774,/encoders,"encoder_left,encoder_right",10,1020,,,,,,,
1763081391076249447,/gps_fix,"latitude,longitude,altitude",40.7128,-74.006,10,,,,,,
1763081391076945137,/odom,"pos_x,pos_y,orient_z",-0.0001,-0.002,0.0003,,,,,,
1763081391077462680,/encoders,"encoder_left,encoder_right",0,1020,,,,,,,
1763081391181652985,/gps_fix,"latitude,longitude,altitude",40.7128,-74.006,10,,,,,,
1763081391182551526,/odom,"pos_x,pos_y,orient_z",-0.0001,-0.002,0.0003,,,,,,
1763081391183197968,/encoders,"encoder_left,encoder_right",0,1020,,,,,,,
1763081391277074140,/gps_fix,"latitude,longitude,altitude",40.7128,-74.006,10,,,,,,
1763081391278521937,/odom,"pos_x,pos_y,orient_z",-0.0001,-0.002,0.0003,,,,,,
1763081391279198170,/encoders,"encoder_left,encoder_right",20,10,,,,,,,
1763081391376741724,/gps_fix,"latitude,longitude,altitude",40.7128,-74.006,10,,,,,,
1763081391377717546,/odom,"pos_x,pos_y,orient_z",-0.0001,-0.002,0.0003,,,,,,
1763081391378418324,/encoders,"encoder_left,encoder_right",201,1020,,,,,,,
1763081391476796321,/gps_fix,"latitude,longitude,altitude",40.7128,-74.006,10,,,,,,
1763081391477843472,/odom,"pos_x,pos_y,orient_z",0.0065,-0.002,0.014,,,,,,
1763081391478587259,/encoders,"encoder_left,encoder_right",201,1020,,,,,,,
1763081391576913575,/gps_fix,"latitude,longitude,altitude",40.7128,-74.006,10,,,,,,
1763081391577730995,/odom,"pos_x,pos_y,orient_z",0.0065,-0.002,0.014,,,,,,
1763081391578250331,/encoders,"encoder_left,encoder_right",0,1020,,,,,,,
1763081391676723273,/gps_fix,"latitude,longitude,altitude",40.7128,-74.006,10,,,,,,
1763081391677559765,/odom,"pos_x,pos_y,orient_z",0,-0.0022,0,,,,,,
1763081391678089181,/encoders,"encoder_left,encoder_right",2,0,,,,,,,
1763081391776720014,/gps_fix,"latitude,longitude,altitude",40.7128,-74.006,10,,,,,,
1763081391777492633,/odom,"pos_x,pos_y,orient_z",0,-0.0022,0,,,,,,
1763081391777987168,/encoders,"encoder_left,encoder_right",1020,1020,,,,,,,
1763081391876618033,/gps_fix,"latitude,longitude,altitude",40.7128,-74.006,10,,,,,,
1763081391877393180,/odom,"pos_x,pos_y,orient_z",0.008,-0.0022,0.0118,,,,,,
1763081391877891491,/encoders,"encoder_left,encoder_right",10,1020,,,,,,,
1763081391976585845,/gps_fix,"latitude,longitude,altitude",40.7128,-74.006,10,,,,,,
1763081391977350240,/odom,"pos_x,pos_y,orient_z",0.008,-0.0022,0.0118,,,,,,
1763081391977877000,/encoders,"encoder_left,encoder_right",10,1020,,,,,,,
1763081392076516634,/gps_fix,"latitude,longitude,altitude",40.7128,-74.006,10,,,,,,
1763081392077359366,/odom,"pos_x,pos_y,orient_z",0.008,-0.0022,0.0118,,,,,,
1763081392077999088,/encoders,"encoder_left,encoder_right",10,1020,,,,,,,
1763081392177042537,/gps_fix,"latitude,longitude,altitude",40.7128,-74.006,10,,,,,,
1763081392177901685,/odom,"pos_x,pos_y,orient_z",0.008,-0.0022,0.0118,,,,,,
1763081392179855025,/encoders,"encoder_left,encoder_right",10,1020,,,,,,,
1763081392276655274,/gps_fix,"latitude,longitude,altitude",40.7128,-74.006,10,,,,,,
1763081392277446613,/odom,"pos_x,pos_y,orient_z",0,-0.0024,0.0003,,,,,,
1763081392277963901,/encoders,"encoder_left,encoder_right",10,1020,,,,,,,
1763081392377002230,/gps_fix,"latitude,longitude,altitude",40.7128,-74.006,10,,,,,,
1763081392377773665,/odom,"pos_x,pos_y,orient_z",0,-0.0024,0.0003,,,,,,
1763081392378273288,/encoders,"encoder_left,encoder_right",10,1020,,,,,,,
1763081392476846619,/gps_fix,"latitude,longitude,altitude",40.7128,-74.006,10,,,,,,
1763081392477766216,/odom,"pos_x,pos_y,orient_z",0.008,-0.0024,0.0118,,,,,,
1763081392478336976,/encoders,"encoder_left,encoder_right",10,1020,,,,,,,
1763081392576614910,/gps_fix,"latitude,longitude,altitude",40.7128,-74.006,10,,,,,,
1763081392577511019,/odom,"pos_x,pos_y,orient_z",0.008,-0.0024,0.0118,,,,,,
1763081392578053235,/encoders,"encoder_left,encoder_right",10,1020,,,,,,,
1763081392676761927,/gps_fix,"latitude,longitude,altitude",40.7128,-74.006,10,,,,,,
1763081392677639508,/odom,"pos_x,pos_y,orient_z",0.008,-0.0024,0.0118,,,,,,
1763081392678182460,/encoders,"encoder_left,encoder_right",1,1020,,,,,,,
1763081392776659116,/gps_fix,"latitude,longitude,altitude",40.7128,-74.006,10,,,,,,
1763081392777460184,/odom,"pos_x,pos_y,orient_z",0.008,-0.0024,0.0118,,,,,,
1763081392778000192,/encoders,"encoder_left,encoder_right",10,1020,,,,,,,
1763081392876481041,/gps_fix,"latitude,longitude,altitude",40.7128,-74.006,10,,,,,,
1763081392877247580,/odom,"pos_x,pos_y,orient_z",-0.0001,-0.0026,0.0002,,,,,,
1763081392877740579,/encoders,"encoder_left,encoder_right",10,1020,,,,,,,
1763081392976725051,/gps_fix,"latitude,longitude,altitude",40.7128,-74.006,10,,,,,,
1763081392977878860,/odom,"pos_x,pos_y,orient_z",-0.0001,-0.0026,0.0002,,,,,,
1763081392978735192,/encoders,"encoder_left,encoder_right",10,1020,,,,,,,
1763081393076405023,/gps_fix,"latitude,longitude,altitude",40.7128,-74.006,10,,,,,,
1763081393077038632,/odom,"pos_x,pos_y,orient_z",0.008,-0.0026,0.0118,,,,,,
1763081393077526575,/encoders,"encoder_left,encoder_right",10,1020,,,,,,,
1763081393176626795,/gps_fix,"latitude,longitude,altitude",40.7128,-74.006,10,,,,,,
1763081393177493272,/odom,"pos_x,pos_y,orient_z",0.008,-0.0026,0.0118,,,,,,
1763081393178299620,/encoders,"encoder_left,encoder_right",10,1020,,,,,,,
1763081393277299710,/gps_fix,"latitude,longitude,altitude",40.7128,-74.006,10,,,,,,
1763081393278059785,/odom,"pos_x,pos_y,orient_z",0.008,-0.0026,0.0117,,,,,,
1763081393278585073,/encoders,"encoder_left,encoder_right",0,1020,,,,,,,
1763081393377261639,/gps_fix,"latitude,longitude,altitude",40.7128,-74.006,10,,,,,,
1763081393378462904,/odom,"pos_x,pos_y,orient_z",0.008,-0.0026,0.0117,,,,,,
1763081393378996448,/encoders,"encoder_left,encoder_right",0,1020,,,,,,,
1763081393476581894,/gps_fix,"latitude,longitude,altitude",40.7128,-74.006,10,,,,,,
1763081393477390610,/odom,"pos_x,pos_y,orient_z",0.0001,-0.0028,0.0001,,,,,,
1763081393477901849,/encoders,"encoder_left,encoder_right",0,1020,,,,,,,
1763081393576735217,/gps_fix,"latitude,longitude,altitude",40.7128,-74.006,10,,,,,,
1763081393577551645,/odom,"pos_x,pos_y,orient_z",0.0001,-0.0028,0.0001,,,,,,
1763081393578068549,/encoders,"encoder_left,encoder_right",1,1020,,,,,,,
1763081393676733563,/gps_fix,"latitude,longitude,altitude",40.7128,-74.006,10,,,,,,
1763081393677513286,/odom,"pos_x,pos_y,orient_z",0.008,-0.0028,0.0117,,,,,,
1763081393678039117,/encoders,"encoder_left,encoder_right",10,1020,,,,,,,
1763081393776638978,/gps_fix,"latitude,longitude,altitude",40.7128,-74.006,10,,,,,,
1763081393777499631,/odom,"pos_x,pos_y,orient_z",0.008,-0.0028,0.0117,,,,,,
1763081393778023926,/encoders,"encoder_left,encoder_right",10,1020,,,,,,,
1763081393876717549,/gps_fix,"latitude,longitude,altitude",40.7128,-74.006,10,,,,,,
1763081393878742666,/odom,"pos_x,pos_y,orient_z",0.008,-0.0028,0.0118,,,,,,
1763081393879254833,/encoders,"encoder_left,encoder_right",10,1020,,,,,,,
1763081393976752182,/gps_fix,"latitude,longitude,altitude",40.7128,-74.006,10,,,,,,
1763081393977938695,/odom,"pos_x,pos_y,orient_z",0.008,-0.0028,0.0118,,,,,,
1763081393978803028,/encoders,"encoder_left,encoder_right",0,1020,,,,,,,
1763081394076233465,/gps_fix,"latitude,longitude,altitude",40.7128,-74.006,10,,,,,,
1763081394076909603,/odom,"pos_x,pos_y,orient_z",0,-0.0029,0,,,,,,
1763081394077450411,/encoders,"encoder_left,encoder_right",1,1020,,,,,,,
1763081394176747724,/gps_fix,"latitude,longitude,altitude",40.7128,-74.006,10,,,,,,
1763081394177562840,/odom,"pos_x,pos_y,orient_z",0,-0.0029,0,,,,,,
1763081394178105824,/encoders,"encoder_left,encoder_right",0,1020,,,,,,,
1763081394277206078,/gps_fix,"latitude,longitude,altitude",40.7128,-74.006,10,,,,,,
1763081394277978442,/odom,"pos_x,pos_y,orient_z",0.0081,-0.0029,0.0117,,,,,,
1763081394278472497,/encoders,"encoder_left,encoder_right",0,1020,,,,,,,
1763081394376564576,/gps_fix,"latitude,longitude,altitude",40.7128,-74.006,10,,,,,,
1763081394377334604,/odom,"pos_x,pos_y,orient_z",0.0081,-0.0029,0.0117,,,,,,
1763081394377828691,/encoders,"encoder_left,encoder_right",10,1020,,,,,,,
1763081394477035603,/gps_fix,"latitude,longitude,altitude",40.7128,-74.006,10,,,,,,
1763081394478220644,/odom,"pos_x,pos_y,orient_z",0.0081,-0.0029,0.0117,,,,,,
1763081394478944462,/encoders,"encoder_left,encoder_right",10,1020,,,,,,,
1763081394584330024,/gps_fix,"latitude,longitude,altitude",40.7128,-74.006,10,,,,,,
1763081394585237973,/odom,"pos_x,pos_y,orient_z",0.0081,-0.0029,0.0117,,,,,,
1763081394585796253,/encoders,"encoder_left,encoder_right",1,1020,,,,,,,
1763081394676654852,/gps_fix,"latitude,longitude,altitude",40.7128,-74.006,10,,,,,,
1763081394677626226,/odom,"pos_x,pos_y,orient_z",-0.0001,-0.0031,0.0002,,,,,,
1763081394678212506,/encoders,"encoder_left,encoder_right",1,1020,,,,,,,
1763081394776737680,/gps_fix,"latitude,longitude,altitude",40.7128,-74.006,10,,,,,,
1763081394777702430,/odom,"pos_x,pos_y,orient_z",-0.0001,-0.0031,0.0002,,,,,,
1763081394778357096,/encoders,"encoder_left,encoder_right",1,1020,,,,,,,
1763081394876838685,/gps_fix,"latitude,longitude,altitude",40.7128,-74.006,10,,,,,,
1763081394877632489,/odom,"pos_x,pos_y,orient_z",0.008,-0.0031,0.0117,,,,,,
1763081394878148784,/encoders,"encoder_left,encoder_right",1,1020,,,,,,,
1763081394976587461,/gps_fix,"latitude,longitude,altitude",40.7128,-74.006,10,,,,,,
1763081394977389713,/odom,"pos_x,pos_y,orient_z",0.008,-0.0031,0.0117,,,,,,
1763081394977919960,/encoders,"encoder_left,encoder_right",0,10,,,,,,,
1763081395077185147,/gps_fix,"latitude,longitude,altitude",40.7128,-74.006,10,,,,,,
1763081395077774979,/odom,"pos_x,pos_y,orient_z",0.008,-0.0031,0.0118,,,,,,
1763081395078261770,/encoders,"encoder_left,encoder_right",-1,1020,,,,,,,
1763081395177496525,/gps_fix,"latitude,longitude,altitude",40.7128,-74.006,10,,,,,,
1763081395178405210,/odom,"pos_x,pos_y,orient_z",0.008,-0.0031,0.0118,,,,,,
1763081395178990242,/encoders,"encoder_left,encoder_right",11,31020,,,,,,,
1763081395277371385,/gps_fix,"latitude,longitude,altitude",40.7128,-74.006,10,,,,,,
1763081395278168836,/odom,"pos_x,pos_y,orient_z",0.0003,-0.0033,0.0004,,,,,,
1763081395278676236,/encoders,"encoder_left,encoder_right",2,33,,,,,,,
1763081395376728477,/gps_fix,"latitude,longitude,altitude",40.7128,-74.006,10,,,,,,
1763081395377485960,/odom,"pos_x,pos_y,orient_z",0.0003,-0.0033,0.0004,,,,,,
1763081395378000847,/encoders,"encoder_left,encoder_right",3,31020,,,,,,,
1763081395476904429,/gps_fix,"latitude,longitude,altitude",40.7128,-74.006,10,,,,,,
1763081395477702745,/odom,"pos_x,pos_y,orient_z",0.0004,-0.0033,0.0005,,,,,,
1763081395478204640,/encoders,"encoder_left,encoder_right",4,31020,,,,,,,
1763081395576791641,/gps_fix,"latitude,longitude,altitude",40.7128,-74.006,10,,,,,,
1763081395577561668,/odom,"pos_x,pos_y,orient_z",0.0004,-0.0033,0.0005,,,,,,
1763081395578057835,/encoders,"encoder_left,encoder_right",3,31020,,,,,,,
1763081395676731494,/gps_fix,"latitude,longitude,altitude",40.7128,-74.006,10,,,,,,
1763081395677494929,/odom,"pos_x,pos_y,orient_z",0.0079,-0.0033,0.0119,,,,,,
1763081395677993848,/encoders,"encoder_left,encoder_right",18,1020,,,,,,,
1763081395776622290,/gps_fix,"latitude,longitude,altitude",40.7128,-74.006,10,,,,,,
1763081395777366717,/odom,"pos_x,pos_y,orient_z",0.0079,-0.0033,0.0119,,,,,,
1763081395777874020,/encoders,"encoder_left,encoder_right",8,11020,,,,,,,
1763081395876678144,/gps_fix,"latitude,longitude,altitude",40.7128,-74.006,10,,,,,,
1763081395877448651,/odom,"pos_x,pos_y,orient_z",0.0224,-0.003,0.2183,,,,,,
1763081395877943091,/encoders,"encoder_left,encoder_right",8177,431020,,,,,,,
1763081395976711630,/gps_fix,"latitude,longitude,altitude",40.7128,-74.006,10,,,,,,
1763081395977499194,/odom,"pos_x,pos_y,orient_z",0.0224,-0.003,0.2183,,,,,,
1763081395977997217,/encoders,"encoder_left,encoder_right",0,421020,,,,,,,
1763081396076797151,/gps_fix,"latitude,longitude,altitude",40.7128,-74.006,10,,,,,,
1763081396077529737,/odom,"pos_x,pos_y,orient_z",0.132,0.0487,0.2051,,,,,,
1763081396078024433,/encoders,"encoder_left,encoder_right",136,591020,,,,,,,
1763081396176728558,/gps_fix,"latitude,longitude,altitude",40.7128,-74.006,10,,,,,,
1763081396177508633,/odom,"pos_x,pos_y,orient_z",0.132,0.0487,0.2051,,,,,,
1763081396178002560,/encoders,"encoder_left,encoder_right",91429,691020,,,,,,,
1763081396276456569,/gps_fix,"latitude,longitude,altitude",40.7128,-74.006,10,,,,,,
1763081396277145444,/odom,"pos_x,pos_y,orient_z",0.0454,0.0107,0.0695,,,,,,
1763081396277632395,/encoders,"encoder_left,encoder_right",5236,91020,,,,,,,
1763081396376674061,/gps_fix,"latitude,longitude,altitude",40.7128,-74.006,10,,,,,,
1763081396377431480,/odom,"pos_x,pos_y,orient_z",0.0454,0.0107,0.0695,,,,,,
1763081396378296516,/encoders,"encoder_left,encoder_right",3159,71020,,,,,,,
1763081396476302359,/gps_fix,"latitude,longitude,altitude",40.7128,-74.006,10,,,,,,
1763081396476930880,/odom,"pos_x,pos_y,orient_z",0.0036,0.0048,0.0097,,,,,,
1763081396477420263,/encoders,"encoder_left,encoder_right",180,531020,,,,,,,
1763081396576697549,/gps_fix,"latitude,longitude,altitude",40.7128,-74.006,10,,,,,,
1763081396577457592,/odom,"pos_x,pos_y,orient_z",0.0036,0.0048,0.0097,,,,,,
1763081396577948479,/encoders,"encoder_left,encoder_right",162,81020,,,,,,,
1763081396677209604,/gps_fix,"latitude,longitude,altitude",40.7128,-74.006,10,,,,,,
1763081396677996335,/odom,"pos_x,pos_y,orient_z",-0.0026,0.0047,0.0005,,,,,,
1763081396678507703,/encoders,"encoder_left,encoder_right",5,4942,,,,,,,
1763081396776651724,/gps_fix,"latitude,longitude,altitude",40.7128,-74.006,10,,,,,,
1763081396777442903,/odom,"pos_x,pos_y,orient_z",-0.0026,0.0047,0.0005,,,,,,
1763081396777998975,/encoders,"encoder_left,encoder_right",188,701020,,,,,,,
1763081396876713948,/gps_fix,"latitude,longitude,altitude",40.7128,-74.006,10,,,,,,
1763081396877542696,/odom,"pos_x,pos_y,orient_z",-0.0056,0.0047,0.0038,,,,,,
1763081396878125265,/encoders,"encoder_left,encoder_right",8121,701020,,,,,,,
1763081396976774253,/gps_fix,"latitude,longitude,altitude",40.7128,-74.006,10,,,,,,
1763081396977543832,/odom,"pos_x,pos_y,orient_z",-0.0056,0.0047,0.0038,,,,,,
1763081396978044256,/encoders,"encoder_left,encoder_right",9128,701020,,,,,,,
1763081397076355320,/gps_fix,"latitude,longitude,altitude",40.7128,-74.006,10,,,,,,
1763081397077265702,/odom,"pos_x,pos_y,orient_z",-0.0048,0.0047,0.0025,,,,,,
1763081397077785037,/encoders,"encoder_left,encoder_right",323,3141237,,,,,,,
1763081397177060949,/gps_fix,"latitude,longitude,altitude",40.7128,-74.006,10,,,,,,
1763081397178262374,/odom,"pos_x,pos_y,orient_z",-0.0048,0.0047,0.0025,,,,,,
1763081397180576968,/encoders,"encoder_left,encoder_right",1,116,,,,,,,
1763081397277139880,/gps_fix,"latitude,longitude,altitude",40.7128,-74.006,10,,,,,,
1763081397277913011,/odom,"pos_x,pos_y,orient_z",-0.0026,0.0047,0.0019,,,,,,
1763081397278412091,/encoders,"encoder_left,encoder_right",745,451020,,,,,,,
1763081397376683443,/gps_fix,"latitude,longitude,altitude",40.7128,-74.006,10,,,,,,
1763081397377455423,/odom,"pos_x,pos_y,orient_z",-0.0026,0.0047,0.0019,,,,,,
1763081397377945542,/encoders,"encoder_left,encoder_right",21,321020,,,,,,,
1763081397476563204,/gps_fix,"latitude,longitude,altitude",40.7128,-74.006,10,,,,,,
1763081397477288622,/odom,"pos_x,pos_y,orient_z",0.0833,0.005,0.1262,,,,,,
1763081397477781718,/encoders,"encoder_left,encoder_right",21,71020,,,,,,,
1763081397576778041,/gps_fix,"latitude,longitude,altitude",40.7128,-74.006,10,,,,,,
1763081397577556452,/odom,"pos_x,pos_y,orient_z",0.0833,0.005,0.1262,,,,,,
1763081397578054220,/encoders,"encoder_left,encoder_right",4,4801020,,,,,,,
1763081397676797451,/gps_fix,"latitude,longitude,altitude",40.7128,-74.006,10,,,,,,
1763081397677599479,/odom,"pos_x,pos_y,orient_z",0.0207,-0.0112,0.1233,,,,,,
1763081397678141439,/encoders,"encoder_left,encoder_right",538,991020,,,,,,,
1763081397776838782,/gps_fix,"latitude,longitude,altitude",40.7128,-74.006,10,,,,,,
1763081397777592137,/odom,"pos_x,pos_y,orient_z",0.0207,-0.0112,0.1233,,,,,,
1763081397778091408,/encoders,"encoder_left,encoder_right",538,541020,,,,,,,
1763081397876947186,/gps_fix,"latitude,longitude,altitude",40.7128,-74.006,10,,,,,,
1763081397877744381,/odom,"pos_x,pos_y,orient_z",0.0393,-0.0065,0.1536,,,,,,
1763081397878266341,/encoders,"encoder_left,encoder_right",135,491020,,,,,,,
1763081397976681536,/gps_fix,"latitude,longitude,altitude",40.7128,-74.006,10,,,,,,
1763081397977458187,/odom,"pos_x,pos_y,orient_z",0.0393,-0.0065,0.1536,,,,,,
1763081397977951762,/encoders,"encoder_left,encoder_right",11,491020,,,,,,,
1763081398076543026,/gps_fix,"latitude,longitude,altitude",40.7128,-74.006,10,,,,,,
1763081398077214267,/odom,"pos_x,pos_y,orient_z",0.0048,-0.0174,-0.0061,,,,,,
1763081398077720291,/encoders,"encoder_left,encoder_right",5133,4616,,,,,,,
1763081398176917163,/gps_fix,"latitude,longitude,altitude",40.7128,-74.006,10,,,,,,
1763081398177693719,/odom,"pos_x,pos_y,orient_z",0.0048,-0.0174,-0.0061,,,,,,
1763081398178191006,/encoders,"encoder_left,encoder_right",75,4616,,,,,,,
1763081398276763645,/gps_fix,"latitude,longitude,altitude",40.7128,-74.006,10,,,,,,
1763081398277596234,/odom,"pos_x,pos_y,orient_z",0.0074,-0.0175,-0.0021,,,,,,
1763081398278106161,/encoders,"encoder_left,encoder_right",76,761020,,,,,,,
1763081398376812147,/gps_fix,"latitude,longitude,altitude",40.7128,-74.006,10,,,,,,
1763081398377625726,/odom,"pos_x,pos_y,orient_z",0.0074,-0.0175,-0.0021,,,,,,
1763081398378128102,/encoders,"encoder_left,encoder_right",63,241020,,,,,,,
1763081398476923368,/gps_fix,"latitude,longitude,altitude",40.7128,-74.006,10,,,,,,
1763081398477695508,/odom,"pos_x,pos_y,orient_z",0.0654,-0.0177,0.0829,,,,,,
1763081398478192571,/encoders,"encoder_left,encoder_right",1,321020,,,,,,,
1763081398576685305,/gps_fix,"latitude,longitude,altitude",40.7128,-74.006,10,,,,,,
1763081398577464261,/odom,"pos_x,pos_y,orient_z",0.0654,-0.0177,0.0829,,,,,,
1763081398577961004,/encoders,"encoder_left,encoder_right",948,301020,,,,,,,
1763081398676779119,/gps_fix,"latitude,longitude,altitude",40.7128,-74.006,10,,,,,,
1763081398677543994,/odom,"pos_x,pos_y,orient_z",-0.0128,-0.0308,0.0219,,,,,,
1763081398678089058,/encoders,"encoder_left,encoder_right",3456,201020,,,,,,,
1763081398776774275,/gps_fix,"latitude,longitude,altitude",40.7128,-74.006,10,,,,,,
1763081398777539182,/odom,"pos_x,pos_y,orient_z",-0.0128,-0.0308,0.0219,,,,,,
1763081398778035094,/encoders,"encoder_left,encoder_right",2,201020,,,,,,,
1763081398876673782,/gps_fix,"latitude,longitude,altitude",40.7128,-74.006,10,,,,,,
1763081398878707988,/odom,"pos_x,pos_y,orient_z",-0.01,-0.0307,0.1454,,,,,,
1763081398879924390,/encoders,"encoder_left,encoder_right",27,261020,,,,,,,
1763081398976845581,/gps_fix,"latitude,longitude,altitude",40.7128,-74.006,10,,,,,,
1763081398977608408,/odom,"pos_x,pos_y,orient_z",-0.01,-0.0307,0.1454,,,,,,
1763081398978103295,/encoders,"encoder_left,encoder_right",69,71020,,,,,,,
1763081399076468349,/gps_fix,"latitude,longitude,altitude",40.7128,-74.006,10,,,,,,
1763081399077063846,/odom,"pos_x,pos_y,orient_z",-0.0649,-0.0472,0.101,,,,,,
1763081399077548493,/encoders,"encoder_left,encoder_right",71,531020,,,,,,,
1763081399176682647,/gps_fix,"latitude,longitude,altitude",40.7128,-74.006,10,,,,,,
1763081399177469090,/odom,"pos_x,pos_y,orient_z",-0.0649,-0.0472,0.101,,,,,,
1763081399177971594,/encoders,"encoder_left,encoder_right",54,1020,,,,,,,
1763081399276914833,/gps_fix,"latitude,longitude,altitude",40.7128,-74.006,10,,,,,,
1763081399277712573,/odom,"pos_x,pos_y,orient_z",0.0053,-0.0328,0.0187,,,,,,
1763081399278214340,/encoders,"encoder_left,encoder_right",116,111020,,,,,,,
1763081399376785894,/gps_fix,"latitude,longitude,altitude",40.7128,-74.006,10,,,,,,
1763081399377566961,/odom,"pos_x,pos_y,orient_z",0.0053,-0.0328,0.0187,,,,,,
1763081399378070424,/encoders,"encoder_left,encoder_right",7,111020,,,,,,,
1763081399476680251,/gps_fix,"latitude,longitude,altitude",40.7128,-74.006,10,,,,,,
1763081399477508679,/odom,"pos_x,pos_y,orient_z",-0.0193,-0.0337,0.0313,,,,,,
1763081399478017454,/encoders,"encoder_left,encoder_right",36,111020,,,,,,,
1763081399576862900,/gps_fix,"latitude,longitude,altitude",40.7128,-74.006,10,,,,,,
1763081399577630207,/odom,"pos_x,pos_y,orient_z",-0.0193,-0.0337,0.0313,,,,,,
1763081399578128166,/encoders,"encoder_left,encoder_right",36,111020,,,,,,,
1763081399676897611,/gps_fix,"latitude,longitude,altitude",40.7128,-74.006,10,,,,,,
1763081399677741111,/odom,"pos_x,pos_y,orient_z",0.0767,-0.0277,0.0853,,,,,,
1763081399678257823,/encoders,"encoder_left,encoder_right",82,111020,,,,,,,
1763081399776876865,/gps_fix,"latitude,longitude,altitude",40.7128,-74.006,10,,,,,,
1763081399778056242,/odom,"pos_x,pos_y,orient_z",0.0767,-0.0277,0.0853,,,,,,
1763081399778832958,/encoders,"encoder_left,encoder_right",2636,35571020,,,,,,,
1763081399876939609,/gps_fix,"latitude,longitude,altitude",40.7128,-74.006,10,,,,,,
1763081399878351341,/odom,"pos_x,pos_y,orient_z",0.0065,-0.0398,0.0656,,,,,,
1763081399879237690,/encoders,"encoder_left,encoder_right",211282,27371020,,,,,,,
1763081399976798893,/gps_fix,"latitude,longitude,altitude",40.7128,-74.006,10,,,,,,
1763081399977629977,/odom,"pos_x,pos_y,orient_z",0.0065,-0.0398,0.0656,,,,,,
1763081399978168033,/encoders,"encoder_left,encoder_right",2008,671020,,,,,,,
1763081400077833972,/gps_fix,"latitude,longitude,altitude",40.7128,-74.006,10,,,,,,
1763081400078597567,/odom,"pos_x,pos_y,orient_z",-0.0018,-0.0409,0.0072,,,,,,
1763081400079116871,/encoders,"encoder_left,encoder_right",1476,8,,,,,,,
1763081400177109026,/gps_fix,"latitude,longitude,altitude",40.7128,-74.006,10,,,,,,
1763081400178560504,/odom,"pos_x,pos_y,orient_z",-0.0018,-0.0409,0.0072,,,,,,
1763081400179375204,/encoders,"encoder_left,encoder_right",23,3,,,,,,,
1763081400276887320,/gps_fix,"latitude,longitude,altitude",40.7128,-74.006,10,,,,,,
1763081400277756645,/odom,"pos_x,pos_y,orient_z",0.0029,-0.0408,0.0003,,,,,,
1763081400278313165,/encoders,"encoder_left,encoder_right",33511,54903,,,,,,,
1763081400376837328,/gps_fix,"latitude,longitude,altitude",40.7128,-74.006,10,,,,,,
1763081400377852991,/odom,"pos_x,pos_y,orient_z",0.0029,-0.0408,0.0003,,,,,,
1763081400378480840,/encoders,"encoder_left,encoder_right",2,21020,,,,,,,
1763081400477017611,/gps_fix,"latitude,longitude,altitude",40.7128,-74.006,10,,,,,,
1763081400477967001,/odom,"pos_x,pos_y,orient_z",-0.0232,-0.0408,0.0382,,,,,,
1763081400478712932,/encoders,"encoder_left,encoder_right",2,21020,,,,,,,
1763081400576808577,/gps_fix,"latitude,longitude,altitude",40.7128,-74.006,10,,,,,,
1763081400577589293,/odom,"pos_x,pos_y,orient_z",-0.0232,-0.0408,0.0382,,,,,,
1763081400578088596,/encoders,"encoder_left,encoder_right",2,5301020,,,,,,,
1763081400676805370,/gps_fix,"latitude,longitude,altitude",40.7128,-74.006,10,,,,,,
1763081400677760392,/odom,"pos_x,pos_y,orient_z",0.0276,-0.037,0.0361,,,,,,
1763081400678323024,/encoders,"encoder_left,encoder_right",3150,530,,,,,,,
1763081400776860595,/gps_fix,"latitude,longitude,altitude",40.7128,-74.006,10,,,,,,
1763081400777646175,/odom,"pos_x,pos_y,orient_z",0.0276,-0.037,0.0361,,,,,,
1763081400778148358,/encoders,"encoder_left,encoder_right",3150,301020,,,,,,,
1763081400876909037,/gps_fix,"latitude,longitude,altitude",40.7128,-74.006,10,,,,,,
1763081400877778906,/odom,"pos_x,pos_y,orient_z",0.0017,-0.0388,0.074,,,,,,
1763081400878379458,/encoders,"encoder_left,encoder_right",3,31020,,,,,,,
1763081400976721859,/gps_fix,"latitude,longitude,altitude",40.7128,-74.006,10,,,,,,
1763081400977560367,/odom,"pos_x,pos_y,orient_z",0.0017,-0.0388,0.074,,,,,,
1763081400978131351,/encoders,"encoder_left,encoder_right",3,5301020,,,,,,,
1763081401076673405,/gps_fix,"latitude,longitude,altitude",40.7128,-74.006,10,,,,,,
1763081401077333286,/odom,"pos_x,pos_y,orient_z",0.0106,-0.0375,0.012,,,,,,
1763081401077856526,/encoders,"encoder_left,encoder_right",31,5301020,,,,,,,
1763081401176975452,/gps_fix,"latitude,longitude,altitude",40.7128,-74.006,10,,,,,,
1763081401177768008,/odom,"pos_x,pos_y,orient_z",0.0106,-0.0375,0.012,,,,,,
1763081401178271791,/encoders,"encoder_left,encoder_right",50,31020,,,,,,,
1763081401276546033,/gps_fix,"latitude,longitude,altitude",40.7128,-74.006,10,,,,,,
1763081401277301692,/odom,"pos_x,pos_y,orient_z",0.0027,-0.0377,0.0074,,,,,,
1763081401277806403,/encoders,"encoder_left,encoder_right",3,31020,,,,,,,
1763081401377111572,/gps_fix,"latitude,longitude,altitude",40.7128,-74.006,10,,,,,,
1763081401378055234,/odom,"pos_x,pos_y,orient_z",0.0027,-0.0377,0.0074,,,,,,
1763081401378668299,/encoders,"encoder_left,encoder_right",50,31020,,,,,,,
1763081401476669704,/gps_fix,"latitude,longitude,altitude",40.7128,-74.006,10,,,,,,
1763081401477421331,/odom,"pos_x,pos_y,orient_z",0.0016,-0.0377,0.074,,,,,,
1763081401477954651,/encoders,"encoder_left,encoder_right",3,501020,,,,,,,
1763081401576821542,/gps_fix,"latitude,longitude,altitude",40.7128,-74.006,10,,,,,,
1763081401577662898,/odom,"pos_x,pos_y,orient_z",0.0016,-0.0377,0.074,,,,,,
1763081401578210874,/encoders,"encoder_left,encoder_right",3,1020,,,,,,,
1763081401676837313,/gps_fix,"latitude,longitude,altitude",40.7128,-74.006,10,,,,,,
1763081401677616844,/odom,"pos_x,pos_y,orient_z",0.0107,-0.0363,0.0117,,,,,,
1763081401678132692,/encoders,"encoder_left,encoder_right",333,1020,,,,,,,
1763081401776993342,/gps_fix,"latitude,longitude,altitude",40.7128,-74.006,10,,,,,,
1763081401777792042,/odom,"pos_x,pos_y,orient_z",0.0107,-0.0363,0.0117,,,,,,
1763081401778294449,/encoders,"encoder_left,encoder_right",3150,31020,,,,,,,
1763081401876472497,/gps_fix,"latitude,longitude,altitude",40.7128,-74.006,10,,,,,,
1763081401877153339,/odom,"pos_x,pos_y,orient_z",0.0184,-0.0362,0.0986,,,,,,
1763081401877662275,/encoders,"encoder_left,encoder_right",33,31020,,,,,,,
1763081401976733808,/gps_fix,"latitude,longitude,altitude",40.7128,-74.006,10,,,,,,
1763081401977450299,/odom,"pos_x,pos_y,orient_z",0.0184,-0.0362,0.0986,,,,,,
1763081401977980258,/encoders,"encoder_left,encoder_right",3150,31020,,,,,,,
1763081402076681292,/gps_fix,"latitude,longitude,altitude",40.7128,-74.006,10,,,,,,
1763081402077411511,/odom,"pos_x,pos_y,orient_z",-0.0222,-0.0443,0.0383,,,,,,
1763081402077933950,/encoders,"encoder_left,encoder_right",3,31020,,,,,,,
1763081402176825803,/gps_fix,"latitude,longitude,altitude",40.7128,-74.006,10,,,,,,
1763081402177646039,/odom,"pos_x,pos_y,orient_z",-0.0222,-0.0443,0.0383,,,,,,
1763081402179506867,/encoders,"encoder_left,encoder_right",3913,31020,,,,,,,
1763081402276829449,/gps_fix,"latitude,longitude,altitude",40.7128,-74.006,10,,,,,,
1763081402277614836,/odom,"pos_x,pos_y,orient_z",0.001,-0.0425,0.0158,,,,,,
1763081402278127548,/encoders,"encoder_left,encoder_right",89152,31020,,,,,,,
1763081402376844390,/gps_fix,"latitude,longitude,altitude",40.7128,-74.006,10,,,,,,
1763081402377667154,/odom,"pos_x,pos_y,orient_z",0.001,-0.0425,0.0158,,,,,,
1763081402378186298,/encoders,"encoder_left,encoder_right",3130,11020,,,,,,,
1763081402476565663,/gps_fix,"latitude,longitude,altitude",40.7128,-74.006,10,,,,,,
1763081402477260105,/odom,"pos_x,pos_y,orient_z",-0.079,-0.045,0.1207,,,,,,
1763081402477743568,/encoders,"encoder_left,encoder_right",538,381020,,,,,,,
1763081402576832448,/gps_fix,"latitude,longitude,altitude",40.7128,-74.006,10,,,,,,
1763081402577605580,/odom,"pos_x,pos_y,orient_z",-0.079,-0.045,0.1207,,,,,,
1763081402578104787,/encoders,"encoder_left,encoder_right",5,3591020,,,,,,,
1763081402676721084,/gps_fix,"latitude,longitude,altitude",40.7128,-74.006,10,,,,,,
1763081402677441830,/odom,"pos_x,pos_y,orient_z",-0.079,-0.045,0.1207,,,,,,
1763081402677930029,/encoders,"encoder_left,encoder_right",161377,3781020,,,,,,,
1763081402776840795,/gps_fix,"latitude,longitude,altitude",40.7128,-74.006,10,,,,,,
1763081402777744360,/odom,"pos_x,pos_y,orient_z",-0.079,-0.045,0.1207,,,,,,
1763081402778366897,/encoders,"encoder_left,encoder_right",148,3861020,,,,,,,
1763081402876708022,/gps_fix,"latitude,longitude,altitude",40.7128,-74.006,10,,,,,,
1763081402877477217,/odom,"pos_x,pos_y,orient_z",0.1492,0.0113,-0.2204,,,,,,
1763081402877985865,/encoders,"encoder_left,encoder_right",1318,3851020,,,,,,,
1763081402980373801,/gps_fix,"latitude,longitude,altitude",40.7128,-74.006,10,,,,,,
1763081402981177205,/odom,"pos_x,pos_y,orient_z",0.1492,0.0113,-0.2204,,,,,,
1763081402981698268,/encoders,"encoder_left,encoder_right",193,3851020,,,,,,,
1763081403098005163,/gps_fix,"latitude,longitude,altitude",40.7128,-74.006,10,,,,,,
1763081403098783511,/odom,"pos_x,pos_y,orient_z",0.023,0.0714,-0.0184,,,,,,
1763081403099983528,/encoders,"encoder_left,encoder_right",-1611131,3811020,,,,,,,
1763081403177034166,/gps_fix,"latitude,longitude,altitude",40.7128,-74.006,10,,,,,,
1763081403177797793,/odom,"pos_x,pos_y,orient_z",0.023,0.0714,-0.0184,,,,,,
1763081403178295273,/encoders,"encoder_left,encoder_right",-160734,3851020,,,,,,,
1763081403276706673,/gps_fix,"latitude,longitude,altitude",40.7128,-74.006,10,,,,,,
1763081403277481724,/odom,"pos_x,pos_y,orient_z",0.0247,0.0713,-0.021,,,,,,
1763081403277975075,/encoders,"encoder_left,encoder_right",7,71020,,,,,,,
1763081403376778961,/gps_fix,"latitude,longitude,altitude",40.7128,-74.006,10,,,,,,
1763081403377621117,/odom,"pos_x,pos_y,orient_z",0.0247,0.0713,-0.021,,,,,,
1763081403378170790,/encoders,"encoder_left,encoder_right",7,71020,,,,,,,
1763081403476661167,/gps_fix,"latitude,longitude,altitude",40.7128,-74.006,10,,,,,,
1763081403477405146,/odom,"pos_x,pos_y,orient_z",0.0183,0.0716,0.0117,,,,,,
1763081403477892865,/encoders,"encoder_left,encoder_right",-5282122,71020,,,,,,,
1763081403576898194,/gps_fix,"latitude,longitude,altitude",40.7128,-74.006,10,,,,,,
1763081403577664861,/odom,"pos_x,pos_y,orient_z",0.0183,0.0716,0.0117,,,,,,
1763081403578165316,/encoders,"encoder_left,encoder_right",621,71020,,,,,,,
1763081403676728719,/gps_fix,"latitude,longitude,altitude",40.7128,-74.006,10,,,,,,
1763081403677522490,/odom,"pos_x,pos_y,orient_z",0.1149,0.0739,0.0337,,,,,,
1763081403678044034,/encoders,"encoder_left,encoder_right",757,71020,,,,,,,
1763081403776862992,/gps_fix,"latitude,longitude,altitude",40.7128,-74.006,10,,,,,,
1763081403777638395,/odom,"pos_x,pos_y,orient_z",0.1149,0.0739,0.0337,,,,,,
1763081403778175043,/encoders,"encoder_left,encoder_right",889,91020,,,,,,,
1763081403876829071,/gps_fix,"latitude,longitude,altitude",40.7128,-74.006,10,,,,,,
1763081403878900717,/odom,"pos_x,pos_y,orient_z",0.0746,0.0712,-0.0936,,,,,,
1763081403879516950,/encoders,"encoder_left,encoder_right",713,91020,,,,,,,
1763081403976729741,/gps_fix,"latitude,longitude,altitude",40.7128,-74.006,10,,,,,,
1763081403977497976,/odom,"pos_x,pos_y,orient_z",0.0746,0.0712,-0.0936,,,,,,
1763081403978001727,/encoders,"encoder_left,encoder_right",7813,1020,,,,,,,
1763081404076931473,/gps_fix,"latitude,longitude,altitude",40.7128,-74.006,10,,,,,,
1763081404079091665,/odom,"pos_x,pos_y,orient_z",-0.041,0.0931,0.1011,,,,,,
1763081404079795003,/encoders,"encoder_left,encoder_right",60129,81020,,,,,,,
1763081404177409657,/gps_fix,"latitude,longitude,altitude",40.7128,-74.006,10,,,,,,
1763081404178879663,/odom,"pos_x,pos_y,orient_z",-0.041,0.0931,0.1011,,,,,,
1763081404179559129,/encoders,"encoder_left,encoder_right",40178,71020,,,,,,,
1763081404276936596,/gps_fix,"latitude,longitude,altitude",40.7128,-74.006,10,,,,,,
1763081404277747104,/odom,"pos_x,pos_y,orient_z",0.1275,0.1277,0.0363,,,,,,
1763081404278240199,/encoders,"encoder_left,encoder_right",6,61020,,,,,,,
1763081404376956662,/gps_fix,"latitude,longitude,altitude",40.7128,-74.006,10,,,,,,
1763081404377781314,/odom,"pos_x,pos_y,orient_z",0.1275,0.1277,0.0363,,,,,,
1763081404378285001,/encoders,"encoder_left,encoder_right",4,61020,,,,,,,
1763081404476971448,/gps_fix,"latitude,longitude,altitude",40.7128,-74.006,10,,,,,,
1763081404477724931,/odom,"pos_x,pos_y,orient_z",0.0288,0.1205,-0.0286,,,,,,
1763081404478213194,/encoders,"encoder_left,encoder_right",4,41020,,,,,,,
1763081404576803383,/gps_fix,"latitude,longitude,altitude",40.7128,-74.006,10,,,,,,
1763081404577607939,/odom,"pos_x,pos_y,orient_z",0.0288,0.1205,-0.0286,,,,,,
1763081404578124618,/encoders,"encoder_left,encoder_right",2514,41020,,,,,,,
1763081404676920634,/gps_fix,"latitude,longitude,altitude",40.7128,-74.006,10,,,,,,
1763081404677712326,/odom,"pos_x,pos_y,orient_z",0.0283,0.1206,-0.0278,,,,,,
1763081404678261550,/encoders,"encoder_left,encoder_right",240,2401020,,,,,,,
1763081404776982589,/gps_fix,"latitude,longitude,altitude",40.7128,-74.006,10,,,,,,
1763081404777751944,/odom,"pos_x,pos_y,orient_z",0.0283,0.1206,-0.0278,,,,,,
1763081404778249103,/encoders,"encoder_left,encoder_right",32120,2401020,,,,,,,
1763081404876772027,/gps_fix,"latitude,longitude,altitude",40.7128,-74.006,10,,,,,,
1763081404877564583,/odom,"pos_x,pos_y,orient_z",0.0414,0.1198,-0.0369,,,,,,
1763081404878080654,/encoders,"encoder_left,encoder_right",44,41020,,,,,,,
1763081404977095297,/gps_fix,"latitude,longitude,altitude",40.7128,-74.006,10,,,,,,
1763081404977859469,/odom,"pos_x,pos_y,orient_z",0.0414,0.1198,-0.0369,,,,,,
1763081404978363412,/encoders,"encoder_left,encoder_right",54120,71020,,,,,,,
1763081405076731743,/gps_fix,"latitude,longitude,altitude",40.7128,-74.006,10,,,,,,
1763081405077387465,/odom,"pos_x,pos_y,orient_z",0.0693,0.1178,-0.0256,,,,,,
1763081405077882672,/encoders,"encoder_left,encoder_right",-9123,71020,,,,,,,
1763081405176884453,/gps_fix,"latitude,longitude,altitude",40.7128,-74.006,10,,,,,,
1763081405177739826,/odom,"pos_x,pos_y,orient_z",0.0693,0.1178,-0.0256,,,,,,
1763081405178313722,/encoders,"encoder_left,encoder_right",-40092,77,,,,,,,
1763081405276978091,/gps_fix,"latitude,longitude,altitude",40.7128,-74.006,10,,,,,,
1763081405277894520,/odom,"pos_x,pos_y,orient_z",0.0388,0.1193,-0.0416,,,,,,
1763081405278660195,/encoders,"encoder_left,encoder_right",5,51020,,,,,,,
1763081405377133937,/gps_fix,"latitude,longitude,altitude",40.7128,-74.006,10,,,,,,
1763081405377889436,/odom,"pos_x,pos_y,orient_z",0.0388,0.1193,-0.0416,,,,,,
1763081405378383843,/encoders,"encoder_left,encoder_right",2125,51020,,,,,,,
1763081405476866865,/gps_fix,"latitude,longitude,altitude",40.7128,-74.006,10,,,,,,
1763081405477729085,/odom,"pos_x,pos_y,orient_z",0.0239,0.1206,-0.0214,,,,,,
1763081405478323942,/encoders,"encoder_left,encoder_right",94128,471020,,,,,,,
1763081405577235450,/gps_fix,"latitude,longitude,altitude",40.7128,-74.006,10,,,,,,
1763081405578279753,/odom,"pos_x,pos_y,orient_z",0.0239,0.1206,-0.0214,,,,,,
1763081405579122134,/encoders,"encoder_left,encoder_right",40126,31020,,,,,,,
1763081405677005434,/gps_fix,"latitude,longitude,altitude",40.7128,-74.006,10,,,,,,
1763081405677804678,/odom,"pos_x,pos_y,orient_z",0.0146,0.121,-0.0032,,,,,,
1763081405678319822,/encoders,"encoder_left,encoder_right",21210,31020,,,,,,,
1763081405776982270,/gps_fix,"latitude,longitude,altitude",40.7128,-74.006,10,,,,,,
1763081405777902699,/odom,"pos_x,pos_y,orient_z",0.0146,0.121,-0.0032,,,,,,
1763081405778646230,/encoders,"encoder_left,encoder_right",276,1020,,,,,,,
1763081405876902720,/gps_fix,"latitude,longitude,altitude",40.7128,-74.006,10,,,,,,
1763081405877724172,/odom,"pos_x,pos_y,orient_z",-0.0388,0.1213,0.0932,,,,,,
1763081405878295285,/encoders,"encoder_left,encoder_right",7123,1020,,,,,,,
1763081405977220745,/gps_fix,"latitude,longitude,altitude",40.7128,-74.006,10,,,,,,
1763081405978138358,/odom,"pos_x,pos_y,orient_z",-0.0388,0.1213,0.0932,,,,,,
1763081405978762495,/encoders,"encoder_left,encoder_right",6124,1020,,,,,,,
1763081406076635877,/gps_fix,"latitude,longitude,altitude",40.7128,-74.006,10,,,,,,
1763081406077386833,/odom,"pos_x,pos_y,orient_z",-0.0311,0.1228,0.0818,,,,,,
1763081406077921816,/encoders,"encoder_left,encoder_right",6124,1020,,,,,,,
1763081406177150707,/gps_fix,"latitude,longitude,altitude",40.7128,-74.006,10,,,,,,
1763081406178376645,/odom,"pos_x,pos_y,orient_z",-0.0311,0.1228,0.0818,,,,,,
1763081406179397588,/encoders,"encoder_left,encoder_right",57510,1020,,,,,,,
1763081406277074936,/gps_fix,"latitude,longitude,altitude",40.7128,-74.006,10,,,,,,
1763081406278057638,/odom,"pos_x,pos_y,orient_z",-0.0445,0.1206,0.0784,,,,,,
1763081406278686896,/encoders,"encoder_left,encoder_right",8,1971020,,,,,,,
1763081406377454788,/gps_fix,"latitude,longitude,altitude",40.7128,-74.006,10,,,,,,
1763081406378369489,/odom,"pos_x,pos_y,orient_z",-0.0445,0.1206,0.0784,,,,,,
1763081406378979130,/encoders,"encoder_left,encoder_right",653,1221020,,,,,,,
1763081406477207686,/gps_fix,"latitude,longitude,altitude",40.7128,-74.006,10,,,,,,
1763081406478201909,/odom,"pos_x,pos_y,orient_z",0.0053,0.1284,0.0096,,,,,,
1763081406478800477,/encoders,"encoder_left,encoder_right",59113,21020,,,,,,,
1763081406576885287,/gps_fix,"latitude,longitude,altitude",40.7128,-74.006,10,,,,,,
1763081406577763476,/odom,"pos_x,pos_y,orient_z",0.0053,0.1284,0.0096,,,,,,
1763081406578331837,/encoders,"encoder_left,encoder_right",5642,1231020,,,,,,,
1763081406676948558,/gps_fix,"latitude,longitude,altitude",40.7128,-74.006,10,,,,,,
1763081406677940157,/odom,"pos_x,pos_y,orient_z",0.0673,0.1296,0.2133,,,,,,
1763081406678559206,/encoders,"encoder_left,encoder_right",612,21020,,,,,,,
1763081406777120663,/gps_fix,"latitude,longitude,altitude",40.7128,-74.006,10,,,,,,
1763081406777921250,/odom,"pos_x,pos_y,orient_z",0.0673,0.1296,0.2133,,,,,,
1763081406778419274,/encoders,"encoder_left,encoder_right",2,21020,,,,,,,
1763081406876974906,/gps_fix,"latitude,longitude,altitude",40.7128,-74.006,10,,,,,,
1763081406877772870,/odom,"pos_x,pos_y,orient_z",0.1632,0.1736,0.24,,,,,,
1763081406878266830,/encoders,"encoder_left,encoder_right",662,21020,,,,,,,
1763081406976824702,/gps_fix,"latitude,longitude,altitude",40.7128,-74.006,10,,,,,,
1763081406977657579,/odom,"pos_x,pos_y,orient_z",0.1632,0.1736,0.24,,,,,,
1763081406978183922,/encoders,"encoder_left,encoder_right",2,21020,,,,,,,
1763081407076683172,/gps_fix,"latitude,longitude,altitude",40.7128,-74.006,10,,,,,,
1763081407077282125,/odom,"pos_x,pos_y,orient_z",0.1633,0.1737,0.2399,,,,,,
1763081407077777396,/encoders,"encoder_left,encoder_right",113,1231020,,,,,,,
1763081407177012625,/gps_fix,"latitude,longitude,altitude",40.7128,-74.006,10,,,,,,
1763081407177796348,/odom,"pos_x,pos_y,orient_z",0.1633,0.1737,0.2399,,,,,,
1763081407179642040,/encoders,"encoder_left,encoder_right",2,1231020,,,,,,,
1763081407276787574,/gps_fix,"latitude,longitude,altitude",40.7128,-74.006,10,,,,,,
1763081407277598274,/odom,"pos_x,pos_y,orient_z",0.1633,0.1737,0.2399,,,,,,
1763081407278121225,/encoders,"encoder_left,encoder_right",62,1231020,,,,,,,
1763081407377070530,/gps_fix,"latitude,longitude,altitude",40.7128,-74.006,10,,,,,,
1763081407377842829,/odom,"pos_x,pos_y,orient_z",0.1633,0.1737,0.2399,,,,,,
1763081407378347285,/encoders,"encoder_left,encoder_right",62,21020,,,,,,,
1763081407476998985,/gps_fix,"latitude,longitude,altitude",40.7128,-74.006,10,,,,,,
1763081407477828469,/odom,"pos_x,pos_y,orient_z",0.1636,0.1738,0.2393,,,,,,
1763081407478342205,/encoders,"encoder_left,encoder_right",62,1231020,,,,,,,
1763081407576916720,/gps_fix,"latitude,longitude,altitude",40.7128,-74.006,10,,,,,,
1763081407577742908,/odom,"pos_x,pos_y,orient_z",0.1636,0.1738,0.2393,,,,,,
1763081407578240932,/encoders,"encoder_left,encoder_right",61123,1231020,,,,,,,
1763081407678983191,/gps_fix,"latitude,longitude,altitude",40.7128,-74.006,10,,,,,,
1763081407679825219,/odom,"pos_x,pos_y,orient_z",0.164,0.174,0.2388,,,,,,
1763081407680326443,/encoders,"encoder_left,encoder_right",56612,21020,,,,,,,
1763081407777057058,/gps_fix,"latitude,longitude,altitude",40.7128,-74.006,10,,,,,,
1763081407778063441,/odom,"pos_x,pos_y,orient_z",0.164,0.174,0.2388,,,,,,
1763081407778718427,/encoders,"encoder_left,encoder_right",613,21020,,,,,,,
1763081407876822567,/gps_fix,"latitude,longitude,altitude",40.7128,-74.006,10,,,,,,
1763081407877600179,/odom,"pos_x,pos_y,orient_z",0.164,0.174,0.2388,,,,,,
1763081407878126779,/encoders,"encoder_left,encoder_right",2,21020,,,,,,,
1763081407976987538,/gps_fix,"latitude,longitude,altitude",40.7128,-74.006,10,,,,,,
1763081407977844991,/odom,"pos_x,pos_y,orient_z",0.164,0.174,0.2388,,,,,,
1763081407978680363,/encoders,"encoder_left,encoder_right",613,21020,,,,,,,
1763081408076664343,/gps_fix,"latitude,longitude,altitude",40.7128,-74.006,10,,,,,,
1763081408077341153,/odom,"pos_x,pos_y,orient_z",0.1215,0.1518,0.306,,,,,,
1763081408077839784,/encoders,"encoder_left,encoder_right",66113,131020,,,,,,,
1763081408176832260,/gps_fix,"latitude,longitude,altitude",40.7128,-74.006,10,,,,,,
1763081408177604335,/odom,"pos_x,pos_y,orient_z",0.1215,0.1518,0.306,,,,,,
1763081408178178488,/encoders,"encoder_left,encoder_right",2,21020,,,,,,,
1763081408277085394,/gps_fix,"latitude,longitude,altitude",40.7128,-74.006,10,,,,,,
1763081408278016416,/odom,"pos_x,pos_y,orient_z",0.1605,0.1798,0.2387,,,,,,
1763081408278794059,/encoders,"encoder_left,encoder_right",2,21020,,,,,,,
1763081408377173373,/gps_fix,"latitude,longitude,altitude",40.7128,-74.006,10,,,,,,
1763081408378149708,/odom,"pos_x,pos_y,orient_z",0.1605,0.1798,0.2387,,,,,,
1763081408380600752,/encoders,"encoder_left,encoder_right",61124,1241020,,,,,,,
1763081408476817603,/gps_fix,"latitude,longitude,altitude",40.7128,-74.006,10,,,,,,
1763081408477609550,/odom,"pos_x,pos_y,orient_z",0.1605,0.1798,0.2387,,,,,,
1763081408478140438,/encoders,"encoder_left,encoder_right",62,21020,,,,,,,
1763081408576907982,/gps_fix,"latitude,longitude,altitude",40.7128,-74.006,10,,,,,,
1763081408577679386,/odom,"pos_x,pos_y,orient_z",0.1605,0.1798,0.2387,,,,,,
1763081408578171457,/encoders,"encoder_left,encoder_right",2,21020,,,,,,,
1763081408676952441,/gps_fix,"latitude,longitude,altitude",40.7128,-74.006,10,,,,,,
1763081408677726213,/odom,"pos_x,pos_y,orient_z",0.1601,0.1796,0.2393,,,,,,
1763081408678231692,/encoders,"encoder_left,encoder_right",2,121020,,,,,,,
1763081408776807233,/gps_fix,"latitude,longitude,altitude",40.7128,-74.006,10,,,,,,
1763081408777601613,/odom,"pos_x,pos_y,orient_z",0.1601,0.1796,0.2393,,,,,,
1763081408778106773,/encoders,"encoder_left,encoder_right",6,141020,,,,,,,
